index,math,eng,group,gender
0,5.2,6.8,lang,F
1,4.6,7.1,lang,M
2,5.4,8.0,lang,F
3,4.7,8.1,lang,M
4,7.6,6.0,science,M
5,4.4,7.5,lang,M
6,6.0,6.6,lang,M
7,4.7,8.0,lang,F
8,6.0,7.1,lang,F
9,8.6,6.7,science,M
10,5.9,8.7,lang,F
11,7.2,3.7,science,M
12,6.4,8.7,lang,F
13,3.8,7.9,lang,F
14,5.5,9.0,lang,M
15,5.3,6.7,lang,F
16,9.6,5.3,science,M
17,5.6,7.0,lang,M
18,6.0,7.2,lang,F
19,7.0,6.8,science,F
20,5.2,7.4,lang,F
21,6.6,4.1,science,M
22,9.6,5.5,science,F
23,5.2,7.6,lang,F
24,6.2,3.3,science,F
25,5.9,7.5,science,M
26,6.9,7.0,science,M
27,2.3,5.9,lang,F
28,6.1,8.0,lang,M
29,4.4,9.0,lang,F
30,6.7,5.9,science,M
31,8.3,5.6,science,M
32,7.0,8.6,lang,M
33,7.9,4.9,science,F
34,7.1,7.5,science,F
35,8.2,4.7,science,F
36,2.9,7.8,lang,M
37,5.0,8.7,lang,F
38,6.0,9.2,lang,F
39,6.7,4.9,science,M
40,5.3,6.2,science,M
41,7.1,4.8,science,M
42,7.8,3.4,science,F
43,4.2,7.0,lang,M
44,8.6,6.2,science,M
45,7.2,3.6,science,F
46,6.6,7.9,lang,M
47,5.0,9.0,lang,F
48,7.0,4.8,science,F
49,6.0,7.9,lang,F
50,6.6,9.6,lang,F
51,6.4,7.2,lang,F
52,8.1,4.9,science,F
53,7.0,7.1,lang,F
54,10.0,7.1,science,M
55,7.7,5.4,science,M
56,4.9,7.8,lang,M
57,8.2,7.8,science,M
58,7.4,6.1,science,M
59,5.5,6.0,lang,M
60,7.6,5.3,science,M
61,5.8,6.2,science,M
62,6.0,7.7,lang,F
63,8.0,6.4,science,M
64,6.6,6.5,lang,F
65,5.3,7.7,lang,M
66,6.4,9.1,lang,M
67,4.6,9.1,lang,M
68,8.9,7.8,science,M
69,5.2,7.8,lang,F
70,4.8,4.4,science,M
71,7.7,5.7,science,F
72,5.4,5.5,lang,F
73,6.1,8.5,lang,M
74,5.0,3.9,science,M
75,7.5,6.3,science,M
76,6.9,9.5,lang,F
77,6.2,4.9,science,M
78,4.3,7.2,lang,F
79,5.1,6.1,science,M
80,6.4,8.1,lang,F
81,7.5,5.8,science,M
82,7.5,4.2,science,M
83,5.9,6.4,science,M
84,10.0,7.6,science,F
85,6.6,7.6,lang,F
86,5.2,8.2,lang,M
87,6.2,8.4,lang,M
88,4.2,6.8,lang,M
89,9.0,7.5,science,M
90,7.4,6.6,science,F
91,6.8,5.6,science,M
92,7.7,9.5,lang,F
93,5.3,4.9,science,M
94,5.1,9.3,lang,M
95,8.2,6.0,science,F
96,4.4,7.2,lang,F
97,5.5,4.9,science,M
98,7.9,5.4,science,M
99,6.9,9.0,lang,M
100,7.0,7.9,lang,F
101,6.3,6.5,science,F
102,6.1,8.1,lang,M
103,8.8,9.2,science,F
104,6.3,7.8,lang,M
105,6.0,7.2,lang,F
106,4.1,8.3,lang,F
107,5.8,8.2,lang,M
108,7.5,9.0,science,F
109,4.8,7.7,lang,F
110,6.7,8.3,lang,F
111,5.9,9.2,lang,F
112,5.8,8.2,lang,M
113,5.0,8.3,lang,F
114,9.0,6.0,science,M
115,10.0,4.2,science,F
116,7.7,6.6,science,F
117,5.0,8.5,lang,M
118,5.7,7.6,lang,F
119,8.2,6.0,science,F
120,5.9,10.0,lang,M
121,8.1,5.0,science,M
122,5.3,7.9,lang,F
123,7.2,4.9,science,F
124,6.4,4.8,science,M
125,4.8,7.2,lang,F
126,4.5,9.1,lang,F
127,7.8,5.3,science,F
128,3.8,9.7,lang,M
129,6.4,10.0,lang,M
130,5.9,7.7,lang,F
131,4.6,8.1,lang,F
132,5.8,6.6,science,F
133,5.8,7.1,lang,F
134,4.8,6.8,lang,F
135,8.9,5.6,science,M
136,5.9,6.1,science,M
137,9.3,5.9,science,M
138,9.1,7.9,science,M
139,5.7,4.7,science,M
140,10.0,6.9,science,M
141,6.6,6.7,science,F
142,5.4,8.2,lang,M
143,10.0,5.8,science,M
144,7.1,8.3,lang,F
145,5.8,8.1,lang,F
146,7.1,8.3,lang,F
147,7.4,5.1,science,F
148,6.4,7.4,lang,F
149,6.9,5.0,science,M
150,4.8,8.9,lang,F
151,7.3,5.2,science,M
152,4.5,8.9,lang,F
153,7.3,4.4,science,M
154,5.4,7.1,lang,M
155,7.3,3.6,science,M
156,4.9,4.3,science,M
157,6.8,9.8,lang,M
158,8.2,6.8,science,M
159,7.2,7.7,lang,F
160,4.5,6.1,lang,F
161,6.5,9.0,lang,M
162,7.2,7.3,lang,M
163,5.5,8.7,lang,M
164,5.0,7.1,lang,M
165,5.5,10.0,lang,M
166,6.8,6.4,science,M
167,6.1,7.4,lang,F
168,7.3,6.4,science,M
169,9.4,6.2,science,F
170,7.2,3.9,science,F
171,7.8,4.8,science,F
172,7.2,5.2,science,F
173,5.3,8.4,lang,F
174,3.7,3.3,science,M
175,8.3,5.2,science,M
176,10.0,7.1,science,F
177,7.1,4.9,science,F
178,6.7,8.1,lang,M
179,5.4,6.9,lang,F
180,6.4,5.5,science,F
181,6.8,8.3,lang,F
182,6.0,4.7,science,M
183,5.7,8.3,lang,F
184,5.4,7.5,lang,M
185,8.2,6.5,science,M
186,10.0,7.9,science,F
187,6.9,4.8,science,M
188,5.5,8.4,lang,M
189,5.7,7.7,lang,M
190,5.5,8.7,lang,F
191,5.5,8.5,lang,F
192,3.3,6.6,lang,F
193,7.5,4.8,science,M
194,7.3,5.8,science,M
195,7.1,5.7,science,F
196,6.3,5.2,science,F
197,7.9,7.6,science,F
198,3.6,5.3,lang,M
199,9.2,4.8,science,M
200,6.6,4.5,science,M
201,5.0,7.9,lang,F
202,4.9,7.4,lang,F
203,4.9,8.4,lang,F
204,5.8,8.1,lang,M
205,5.1,7.2,lang,F
206,9.8,5.4,science,M
207,5.7,6.8,lang,M
208,7.9,4.8,science,F
209,8.1,7.2,lang,F
210,6.8,4.9,science,M
211,9.4,5.6,science,F
212,6.0,7.3,lang,M
213,6.8,9.3,lang,F
214,7.1,10.0,lang,F
215,7.9,6.1,science,M
216,5.2,7.6,lang,F
217,7.8,5.5,science,M
218,4.8,6.8,lang,F
219,5.8,9.4,lang,F
220,8.5,5.9,science,F
221,6.9,8.3,lang,F
222,5.7,6.7,lang,M
223,7.1,5.1,science,M
224,5.9,7.9,lang,F
225,7.4,4.6,science,M
226,7.7,8.8,lang,F
227,7.4,5.1,science,F
228,7.6,9.1,lang,M
229,5.9,7.4,lang,F
230,7.3,6.5,science,M
231,4.6,7.7,lang,F
232,6.6,5.4,science,M
233,7.7,8.6,lang,F
234,8.9,7.2,science,M
235,6.1,5.9,science,M
236,7.8,5.8,science,F
237,4.2,6.9,lang,M
238,7.3,5.5,science,M
239,5.6,4.9,science,F
240,8.3,6.3,science,M
241,9.5,3.3,science,M
242,5.7,7.2,lang,F
243,6.4,8.3,lang,F
244,9.6,6.3,science,F
245,8.2,6.3,science,M
246,7.2,5.2,science,F
247,8.2,5.9,science,M
248,6.9,6.6,science,M
249,8.3,6.3,science,M
250,9.3,5.1,science,M
251,3.7,5.8,lang,M
252,5.5,8.3,lang,M
253,6.5,7.2,lang,M
254,6.8,6.0,science,F
255,7.9,7.3,science,F
256,5.7,8.6,lang,F
257,4.8,8.5,lang,F
258,5.7,7.3,lang,F
259,6.6,4.9,science,M
260,5.8,7.9,lang,F
261,6.9,5.2,science,F
262,8.0,7.3,science,M
263,8.4,4.8,science,F
264,8.4,6.7,science,M
265,5.7,6.9,lang,M
266,4.9,8.5,lang,M
267,8.4,4.5,science,M
268,5.9,9.1,lang,F
269,7.6,5.7,science,F
270,8.1,7.1,science,M
271,7.8,5.6,science,M
272,4.9,7.6,lang,F
273,7.8,6.6,science,M
274,8.0,9.0,lang,F
275,7.4,2.0,science,M
276,8.0,4.1,science,M
277,5.4,8.8,lang,F
278,7.4,5.5,science,M
279,5.0,8.0,lang,M
280,5.6,7.6,lang,F
281,5.9,8.9,lang,M
282,7.3,4.8,science,F
283,9.4,6.7,science,F
284,9.0,6.3,science,F
285,5.4,8.2,lang,M
286,8.1,4.7,science,F
287,6.1,3.2,science,F
288,7.8,5.7,science,M
289,6.6,8.9,lang,M
290,5.1,7.6,lang,M
291,5.6,7.6,lang,F
292,6.2,8.2,lang,F
293,8.0,5.2,science,F
294,6.3,5.1,science,F
295,7.7,2.8,science,F
296,5.6,6.4,lang,F
297,8.5,4.7,science,F
298,7.1,7.0,science,M
299,9.4,8.4,science,F
300,4.4,9.6,lang,F
301,6.1,4.2,science,F
302,7.6,4.4,science,F
303,7.8,5.0,science,F
304,4.8,6.8,lang,M
305,4.4,5.8,lang,F
306,7.5,6.2,science,F
307,5.3,6.2,lang,F
308,5.1,7.1,lang,M
309,4.1,8.4,lang,F
310,3.7,8.1,lang,F
311,5.7,7.6,lang,F
312,5.4,7.7,lang,F
313,5.2,8.0,lang,M
314,7.5,6.7,science,M
315,7.3,5.9,science,M
316,8.1,5.3,science,M
317,7.3,5.1,science,M
318,6.0,7.5,lang,M
319,6.9,4.6,science,M
320,8.4,4.4,science,M
321,6.5,1.2,science,F
322,8.9,6.0,science,M
323,3.9,7.0,lang,M
324,5.2,6.1,lang,M
325,4.6,6.2,lang,F
326,7.2,6.2,science,F
327,7.9,6.1,science,M
328,6.8,8.4,lang,M
329,8.4,5.6,science,M
330,4.8,6.6,lang,F
331,8.0,6.7,science,F
332,6.3,8.8,lang,M
333,4.5,7.3,lang,M
334,6.8,6.0,science,M
335,6.9,6.2,science,F
336,5.1,8.3,lang,F
337,6.3,7.9,lang,F
338,7.0,8.6,lang,F
339,6.5,7.5,lang,F
340,6.4,6.9,science,F
341,10.0,7.2,science,F
342,8.5,7.5,science,M
343,7.7,7.7,science,M
344,8.7,4.9,science,F
345,6.2,4.3,science,M
346,5.0,7.9,lang,F
347,6.0,9.7,lang,M
348,7.4,2.9,science,M
349,5.1,7.1,lang,M
350,6.6,4.2,science,M
351,8.9,5.4,science,F
352,6.0,9.6,lang,M
353,7.8,4.1,science,M
354,8.2,3.7,science,F
355,7.9,7.2,science,F
356,8.6,9.4,science,F
357,8.8,5.7,science,F
358,9.1,7.1,science,M
359,8.1,4.9,science,M
360,7.9,5.5,science,M
361,6.0,8.9,lang,F
362,8.5,5.6,science,F
363,8.8,6.9,science,M
364,7.1,5.4,science,F
365,8.9,6.2,science,M
366,3.0,7.0,lang,M
367,9.6,5.5,science,M
368,6.7,5.4,science,M
369,5.3,7.4,lang,M
370,9.8,4.7,science,M
371,6.6,7.3,lang,F
372,7.5,3.9,science,F
373,7.0,6.9,science,F
374,6.4,3.7,science,M
375,4.7,8.1,lang,F
376,6.9,6.4,science,F
377,5.6,3.4,science,M
378,3.5,6.5,lang,F
379,5.4,6.2,lang,M
380,6.7,4.2,science,F
381,8.7,6.4,science,F
382,3.4,6.3,lang,F
383,9.2,6.3,science,F
384,7.0,5.2,science,M
385,5.8,7.7,lang,F
386,4.9,8.2,lang,F
387,8.5,6.3,science,F
388,6.0,9.0,lang,M
389,6.7,7.6,lang,M
390,7.0,5.2,science,F
391,6.2,7.8,science,M
392,5.9,6.6,lang,M
393,7.2,5.1,science,M
394,3.8,7.2,lang,F
395,7.4,5.8,science,M
396,6.6,5.6,science,F
397,7.5,6.4,science,M
398,5.9,5.8,lang,F
399,4.7,7.6,lang,M
400,4.9,5.7,science,M
401,7.3,5.5,science,M
402,4.5,7.2,lang,F
403,4.4,8.1,lang,F
404,5.8,7.8,lang,F
405,5.0,7.7,lang,F
406,6.0,7.8,lang,F
407,6.8,6.6,science,F
408,7.2,3.3,science,M
409,5.2,8.9,lang,F
410,5.7,8.8,lang,F
411,4.5,6.7,lang,F
412,7.6,7.9,lang,M
413,6.2,4.9,science,F
414,4.4,6.9,lang,F
415,4.4,5.9,lang,M
416,6.0,9.2,lang,F
417,4.5,7.5,lang,M
418,5.2,7.8,lang,F
419,6.1,7.1,science,F
420,7.1,5.7,science,M
421,7.0,8.1,lang,M
422,8.2,7.1,science,M
423,3.6,8.6,lang,F
424,6.3,5.6,science,F
425,5.4,7.9,science,M
426,6.3,7.2,science,M
427,7.7,5.0,science,M
428,6.1,6.0,lang,M
429,8.4,3.7,science,M
430,6.6,4.8,science,F
431,8.8,5.3,science,F
432,8.8,5.6,science,F
433,7.4,5.5,science,F
434,6.7,4.4,science,M
435,6.6,5.8,science,M
436,8.1,7.3,science,M
437,7.7,4.5,science,F
438,5.6,7.8,lang,F
439,4.3,6.8,lang,M
440,7.7,5.0,science,F
441,4.0,7.1,lang,F
442,6.0,8.4,lang,F
443,5.4,7.6,lang,F
444,8.4,7.6,lang,F
445,7.0,7.4,lang,F
446,6.2,7.8,lang,F
447,8.3,4.8,science,F
448,7.4,7.6,lang,M
449,5.1,8.8,lang,F
450,5.6,7.1,lang,F
451,7.1,7.5,lang,F
452,9.4,6.3,science,F
453,7.4,3.4,science,M
454,8.4,7.9,science,M
455,4.5,8.9,lang,F
456,5.7,6.5,lang,M
457,7.4,7.0,lang,M
458,8.2,5.9,science,M
459,9.9,5.9,science,M
460,8.9,5.7,science,M
461,5.3,2.6,science,M
462,4.9,6.8,lang,F
463,5.5,8.0,lang,F
464,7.5,6.7,science,F
465,8.8,4.1,science,F
466,9.1,4.6,science,F
467,6.7,5.5,science,F
468,6.8,9.7,lang,F
469,8.5,8.3,science,F
470,6.3,3.0,science,F
471,7.2,5.5,science,M
472,5.3,7.4,lang,F
473,6.0,4.9,science,M
474,7.9,6.0,science,M
475,5.6,7.7,lang,F
476,5.8,7.1,lang,F
477,4.5,7.8,lang,M
478,4.5,8.8,lang,F
479,4.0,8.4,lang,F
480,6.6,7.9,lang,M
481,5.3,6.0,science,M
482,8.3,6.3,science,M
483,8.0,5.8,science,F
484,6.7,9.1,lang,F
485,7.1,5.6,science,M
486,8.1,5.4,science,M
487,7.4,6.4,science,M
488,7.0,5.0,science,F
489,6.6,5.4,science,F
490,3.7,6.5,lang,F
491,5.9,9.2,lang,F
492,6.6,10.0,lang,F
493,7.0,4.8,science,F
494,8.1,5.6,science,F
495,6.1,5.3,science,M
496,8.7,6.3,science,F
497,6.6,6.4,science,F
498,5.2,9.4,lang,F
499,5.4,8.6,lang,M
500,6.4,7.9,lang,M
501,7.4,4.5,science,M
502,8.1,7.8,science,F
503,5.6,8.1,lang,M
504,6.2,8.4,lang,F
505,6.8,8.1,lang,M
506,5.7,8.6,lang,M
507,7.6,4.7,science,F
508,5.4,7.7,lang,M
509,5.5,8.6,lang,F
510,8.0,3.2,science,F
511,5.3,7.7,lang,F
512,6.7,5.5,science,M
513,8.6,6.9,science,M
514,10.0,4.9,science,F
515,4.6,6.4,lang,M
516,8.5,6.8,science,M
517,8.6,6.0,science,F
518,6.1,9.1,lang,M
519,10.0,7.6,science,M
520,7.5,4.5,science,F
521,5.4,9.0,lang,F
522,5.2,6.3,lang,M
523,7.7,6.0,science,F
524,8.0,8.1,science,M
525,5.3,5.9,lang,F
526,4.0,7.2,lang,F
527,6.7,4.2,science,F
528,6.8,8.0,lang,F
529,5.6,6.3,science,M
530,5.9,7.3,lang,F
531,5.2,6.6,science,M
532,3.2,7.8,lang,F
533,7.6,6.4,science,M
534,5.3,8.5,lang,M
535,7.0,4.8,science,F
536,7.4,5.4,science,M
537,10.0,6.5,science,M
538,6.2,8.9,lang,M
539,7.0,5.4,science,M
540,9.3,4.9,science,F
541,7.7,5.4,science,M
542,8.1,5.3,science,F
543,8.5,6.4,science,F
544,6.7,5.6,science,F
545,5.7,7.3,lang,M
546,4.7,8.0,lang,F
547,5.9,8.4,lang,M
548,3.6,7.0,lang,F
549,8.1,4.2,science,F
550,8.4,7.0,science,F
551,5.4,5.8,science,M
552,7.2,7.7,lang,F
553,6.7,6.3,science,M
554,6.2,7.5,lang,M
555,7.5,8.0,lang,M
556,7.3,5.4,science,M
557,7.9,4.6,science,F
558,8.0,2.5,science,M
559,6.4,6.0,science,M
560,6.8,5.2,science,F
561,5.9,7.2,lang,M
562,5.5,8.3,lang,M
563,6.0,7.6,lang,F
564,6.4,4.6,science,F
565,7.7,5.0,science,M
566,5.9,9.3,lang,F
567,8.0,6.7,science,F
568,9.0,4.8,science,M
569,6.4,6.8,lang,M
570,9.6,5.0,science,F
571,5.3,5.4,science,F
572,6.1,8.3,lang,M
573,7.5,4.4,science,M
574,8.9,6.4,science,M
575,4.3,6.6,lang,M
576,7.1,5.5,science,M
577,8.1,6.3,science,M
578,7.3,4.3,science,M
579,5.7,9.5,lang,F
580,7.5,3.4,science,F
581,7.7,6.6,science,M
582,3.3,6.7,lang,M
583,7.1,8.7,lang,F
584,4.7,6.3,lang,M
585,6.7,4.4,science,F
586,4.9,6.8,lang,F
587,4.1,8.2,lang,F
588,7.3,5.4,science,M
589,8.0,7.5,science,M
590,6.6,6.0,science,F
591,3.7,8.2,lang,M
592,5.1,7.2,lang,F
593,7.6,9.0,lang,M
594,4.2,7.2,lang,F
595,5.8,6.1,science,M
596,7.0,7.4,science,M
597,6.4,6.9,lang,F
598,5.7,6.5,lang,F
599,5.4,8.5,lang,F
600,6.6,7.9,science,M
601,6.3,4.7,science,F
602,8.6,5.1,science,M
603,9.9,5.9,science,M
604,4.5,8.2,lang,M
605,5.9,7.4,lang,M
606,8.6,4.7,science,F
607,6.0,4.5,science,F
608,6.2,9.0,lang,M
609,5.9,9.1,lang,F
610,8.6,5.7,science,M
611,7.0,5.5,science,F
612,5.2,7.2,lang,F
613,5.0,7.0,lang,F
614,5.7,7.3,lang,F
615,5.1,7.4,lang,M
616,5.7,7.1,lang,F
617,4.7,9.7,lang,F
618,5.1,7.0,lang,F
619,10.0,5.4,science,M
620,4.5,5.6,lang,M
621,6.2,6.2,science,F
622,4.5,8.6,lang,F
623,8.7,5.3,science,F
624,7.8,6.9,science,M
625,6.1,8.4,lang,F
626,8.8,5.4,science,M
627,5.1,7.1,lang,M
628,4.3,6.6,lang,M
629,6.4,8.9,lang,F
630,4.9,6.9,lang,M
631,7.9,3.4,science,M
632,6.9,5.8,science,F
633,3.7,7.2,lang,F
634,4.2,7.1,lang,F
635,7.1,6.3,science,F
636,7.7,6.2,science,M
637,6.7,8.3,lang,M
638,6.8,6.0,science,M
639,5.0,7.7,lang,F
640,7.3,6.1,science,F
641,8.3,6.6,science,F
642,6.8,4.4,science,M
643,5.0,7.5,lang,M
644,7.7,4.1,science,M
645,8.9,5.3,science,F
646,5.3,7.7,lang,M
647,5.4,7.4,lang,M
648,7.1,5.9,lang,M
649,6.7,7.1,lang,M
650,6.9,5.5,science,M
651,6.6,7.8,lang,F
652,5.3,8.2,lang,M
653,6.2,8.4,lang,F
654,6.7,7.6,lang,F
655,4.6,7.1,lang,F
656,6.3,6.8,lang,F
657,5.6,5.4,lang,F
658,8.6,7.2,science,M
659,5.2,7.9,lang,F
660,9.2,7.7,science,M
661,5.1,7.7,lang,M
662,5.7,7.9,lang,M
663,7.5,8.1,lang,M
664,8.8,5.7,science,F
665,6.7,4.4,science,F
666,7.0,7.2,lang,F
667,7.4,6.8,science,M
668,7.8,4.8,science,F
669,6.3,6.7,science,F
670,5.8,8.6,lang,F
671,6.8,8.2,lang,F
672,7.2,7.5,lang,M
673,6.3,9.4,lang,M
674,9.0,5.9,science,M
675,6.6,4.7,science,M
676,6.0,6.2,science,M
677,8.1,7.9,science,F
678,5.8,7.5,lang,F
679,7.1,5.9,science,M
680,5.3,7.5,lang,M
681,7.2,8.8,lang,F
682,5.7,9.1,lang,F
683,9.2,6.8,science,M
684,3.5,8.2,lang,F
685,8.0,5.1,science,M
686,6.8,4.6,science,F
687,4.2,8.3,lang,M
688,5.9,4.4,science,F
689,8.7,4.5,science,M
690,5.8,8.2,lang,M
691,5.2,8.1,lang,F
692,5.1,7.8,lang,M
693,5.5,7.1,lang,F
694,6.5,7.3,lang,F
695,7.7,7.2,science,M
696,5.2,7.4,lang,M
697,7.9,7.0,science,M
698,7.8,5.9,science,M
699,7.5,6.7,science,F
700,7.4,8.1,lang,F
701,5.5,6.4,lang,F
702,5.5,7.6,lang,M
703,5.5,6.8,lang,F
704,4.2,8.5,lang,F
705,7.6,5.5,science,M
706,6.3,6.8,science,F
707,7.1,2.5,science,F
708,5.1,7.4,lang,F
709,5.9,9.8,lang,M
710,5.3,7.1,lang,F
711,4.0,6.3,lang,F
712,8.3,4.0,science,M
713,6.0,4.5,science,M
714,8.0,6.4,science,M
715,8.6,6.0,science,M
716,7.0,5.6,science,F
717,6.7,8.4,lang,F
718,5.3,7.4,lang,F
719,6.6,7.0,science,F
720,4.4,6.9,lang,F
721,9.1,8.0,science,M
722,6.1,8.4,lang,M
723,9.2,5.3,science,F
724,8.4,6.3,science,F
725,6.8,5.3,science,M
726,4.7,5.7,science,F
727,7.2,3.7,science,M
728,5.7,5.9,science,M
729,7.5,7.1,science,M
730,7.8,6.1,science,F
731,6.1,4.5,science,M
732,8.6,6.6,lang,F
733,4.1,8.6,lang,M
734,5.9,8.5,lang,F
735,4.8,7.7,lang,F
736,7.2,9.0,lang,M
737,6.2,5.0,science,M
738,6.1,8.6,lang,M
739,8.2,5.9,science,M
740,5.6,8.5,lang,M
741,5.0,8.9,lang,M
742,4.2,9.4,lang,F
743,6.4,8.2,lang,M
744,7.1,4.4,science,M
745,7.1,7.8,lang,F
746,4.3,6.9,lang,M
747,6.3,9.1,lang,F
748,7.2,8.3,lang,F
749,4.5,8.7,lang,F
750,3.7,7.6,lang,F
751,5.6,6.5,lang,F
752,5.2,7.2,lang,F
753,6.0,6.5,science,M
754,7.3,8.1,lang,F
755,5.4,4.8,lang,F
756,8.7,7.1,science,F
757,5.1,8.8,lang,F
758,7.4,4.8,science,F
759,7.2,5.5,science,F
760,5.8,3.8,science,M
761,4.3,7.1,lang,M
762,7.5,4.8,science,F
763,5.4,7.6,lang,F
764,3.3,6.8,lang,F
765,6.5,7.5,lang,F
766,9.4,5.2,science,M
767,4.7,7.6,lang,F
768,5.3,8.3,lang,F
769,5.9,3.5,science,M
770,4.8,7.1,lang,M
771,6.1,7.1,lang,M
772,6.1,4.6,science,M
773,4.7,4.1,lang,M
774,5.1,4.0,science,M
775,5.0,8.1,lang,F
776,5.9,8.4,lang,F
777,6.0,4.9,science,F
778,6.4,4.0,science,M
779,5.5,7.3,lang,F
780,4.5,7.0,lang,M
781,6.4,8.4,lang,M
782,8.3,6.2,science,F
783,5.3,4.0,science,F
784,9.5,5.5,science,F
785,8.6,5.0,science,M
786,5.3,8.0,lang,M
787,5.3,8.4,lang,F
788,9.6,6.0,science,F
789,9.0,4.6,science,M
790,4.7,7.2,lang,F
791,6.2,7.8,lang,F
792,6.4,8.5,lang,M
793,6.3,7.0,lang,M
794,4.7,7.7,lang,M
795,6.7,8.0,lang,F
796,7.7,9.7,lang,F
797,6.5,6.8,lang,F
798,6.5,8.4,lang,M
799,4.9,8.0,lang,M
800,5.4,8.0,lang,F
801,6.3,10.0,lang,F
802,6.1,8.1,lang,F
803,5.3,7.9,lang,F
804,7.7,4.8,science,M
805,7.2,4.3,science,M
806,6.1,7.1,lang,M
807,5.7,3.9,science,M
808,3.3,7.8,lang,F
809,6.9,5.7,science,M
810,5.2,7.8,lang,F
811,9.1,6.2,science,F
812,4.1,8.2,lang,M
813,5.5,8.7,lang,M
814,6.2,8.7,lang,F
815,6.8,6.9,lang,F
816,6.5,8.4,lang,M
817,4.1,6.0,lang,F
818,6.3,3.6,science,M
819,5.9,7.6,lang,F
820,7.4,5.9,science,M
821,5.3,6.7,lang,M
822,6.7,7.9,lang,F
823,6.4,7.0,lang,F
824,9.0,6.0,science,M
825,4.7,7.0,lang,F
826,4.8,7.6,lang,F
827,7.0,6.2,science,M
828,8.0,8.8,science,M
829,6.0,8.1,lang,M
830,6.4,7.4,science,M
831,6.2,7.1,lang,F
832,6.2,6.5,lang,M
833,7.4,6.1,science,M
834,7.2,6.3,science,M
835,5.9,6.9,lang,F
836,5.1,7.7,lang,M
837,5.4,6.8,lang,M
838,4.1,6.3,lang,M
839,4.8,6.6,lang,M
840,6.0,5.2,lang,F
841,5.1,8.4,lang,F
842,5.2,6.2,lang,F
843,6.8,4.4,science,M
844,5.9,8.7,lang,F
845,5.8,7.9,lang,F
846,3.9,6.0,lang,F
847,7.9,6.5,science,F
848,5.4,6.9,lang,F
849,8.4,5.7,science,M
850,8.7,5.3,science,M
851,6.9,7.5,lang,F
852,5.0,7.5,lang,M
853,5.9,5.8,science,F
854,6.3,6.9,science,F
855,7.1,5.4,science,M
856,6.2,6.9,lang,F
857,8.3,7.0,science,M
858,7.3,6.3,science,F
859,6.2,6.2,lang,M
860,8.2,5.2,science,F
861,9.8,6.0,science,F
862,7.7,4.4,science,F
863,4.8,6.6,lang,M
864,8.7,5.0,science,F
865,5.2,7.7,lang,F
866,7.1,6.2,science,F
867,8.2,3.4,science,M
868,6.1,5.0,science,M
869,7.0,4.8,science,M
870,4.5,8.8,lang,M
871,5.6,4.7,science,F
872,4.8,6.0,lang,M
873,6.4,8.5,lang,F
874,4.9,8.6,lang,M
875,5.3,6.1,lang,F
876,6.0,4.0,science,M
877,5.7,5.9,lang,F
878,7.7,5.0,science,M
879,4.8,4.2,science,F
880,7.2,5.7,science,M
881,6.2,6.0,science,F
882,8.6,4.8,science,M
883,4.4,5.6,science,M
884,4.6,7.0,lang,M
885,9.2,5.7,science,M
886,6.1,6.2,lang,M
887,6.9,5.7,science,M
888,6.0,7.4,lang,M
889,8.1,5.8,science,M
890,6.3,9.7,lang,M
891,5.2,6.8,lang,M
892,6.4,7.3,lang,F
893,7.2,5.8,science,F
894,5.5,7.5,lang,F
895,7.5,6.5,science,M
896,4.9,6.8,lang,F
897,7.5,5.8,science,F
898,10.0,8.4,science,M
899,5.3,7.7,lang,M
900,5.5,6.5,lang,F
901,4.5,7.4,lang,M
902,8.8,5.9,science,F
903,7.6,5.3,science,M
904,4.6,7.2,science,F
905,6.6,7.8,lang,F
906,6.2,8.6,lang,M
907,8.2,7.3,science,F
908,4.0,8.0,lang,M
909,6.6,3.4,science,M
910,5.0,7.3,lang,F
911,5.6,7.6,lang,F
912,6.3,6.9,science,M
913,4.9,7.2,lang,F
914,7.5,5.4,science,M
915,8.3,6.0,science,M
916,4.9,8.1,lang,F
917,5.6,6.8,lang,F
918,5.7,7.3,lang,F
919,8.1,6.9,science,M
920,8.8,5.1,science,F
921,7.8,5.4,science,M
922,5.5,6.6,lang,F
923,6.9,8.8,lang,F
924,6.1,4.1,science,M
925,8.9,6.3,science,F
926,6.4,7.2,science,F
927,5.2,4.7,science,M
928,6.9,5.2,science,M
929,4.6,9.3,lang,F
930,4.2,6.4,lang,F
931,7.4,5.2,science,F
932,5.2,8.8,lang,M
933,8.2,6.5,science,M
934,6.5,5.8,science,M
935,7.5,4.1,science,F
936,5.1,7.1,lang,F
937,9.5,7.1,science,M
938,4.5,4.6,science,F
939,7.4,7.0,science,M
940,5.7,8.1,lang,F
941,4.4,8.1,lang,M
942,5.1,5.2,lang,F
943,7.8,9.5,lang,F
944,7.0,4.6,science,M
945,5.8,5.9,lang,F
946,5.2,8.4,lang,F
947,5.8,8.2,lang,F
948,7.4,6.5,science,F
949,5.5,7.9,lang,F
950,6.1,8.0,lang,F
951,4.4,7.3,lang,F
952,6.4,8.1,lang,M
953,8.2,5.1,science,M
954,6.2,8.3,lang,M
955,5.5,7.1,lang,F
956,7.8,4.3,science,F
957,4.8,6.6,lang,F
958,6.1,9.7,lang,F
959,7.9,5.0,science,M
960,6.0,4.6,science,F
961,6.0,8.8,lang,F
962,5.5,6.9,lang,F
963,4.8,8.7,lang,F
964,8.5,7.2,science,F
965,7.2,4.4,science,M
966,7.4,3.7,science,M
967,7.9,6.1,science,F
968,6.5,5.9,science,F
969,7.2,6.9,science,M
970,7.7,10.0,lang,M
971,6.0,4.8,science,F
972,7.8,4.0,science,M
973,6.4,8.1,lang,F
974,8.6,6.1,science,M
975,5.4,3.3,science,M
976,9.5,6.9,science,M
977,6.6,8.0,lang,F
978,6.5,3.8,science,F
979,3.1,9.1,lang,M
980,9.1,5.9,science,M
981,5.4,5.9,lang,F
982,7.3,7.7,lang,M
983,7.9,5.5,science,M
984,9.3,6.6,science,F
985,7.6,5.3,science,M
986,6.2,4.5,science,F
987,6.4,4.8,science,M
988,8.4,6.3,science,F
989,8.6,4.4,science,M
990,9.3,6.6,science,M
991,6.9,7.0,lang,F
992,8.5,6.4,science,M
993,4.2,8.0,lang,F
994,7.2,6.0,science,M
995,8.0,7.2,science,F
996,6.9,7.0,science,F
997,6.6,7.6,lang,F
998,7.7,4.0,science,M
999,8.5,4.6,science,F
